idx	resnum	resname	n_folds	folds
18	19	VAL	5	PolA;PolB;RNAP;RT;RdRp
20	21	ARG	5	PolA;PolB;RNAP;RT;RdRp
21	22	ASP	5	PolA;PolB;RNAP;RT;RdRp
32	33	ASP	5	PolA;PolB;PolX;RNAP;RT
33	34	PHE	6	PolA;PolB;PolX;RNAP;RT;RdRp
34	35	VAL	6	PolA;PolB;PolX;RNAP;RT;RdRp
35	36	VAL	5	PolA;PolB;RNAP;RT;RdRp
36	37	GLU	5	PolA;PolB;RNAP;RT;RdRp
39	40	ALA	5	PolA;PolB;RNAP;RT;RdRp
40	41	ILE	5	PolA;PolB;RNAP;RT;RdRp
42	43	LEU	5	PolA;PolB;RNAP;RT;RdRp
45	46	GLU	5	PolA;PolB;RNAP;RT;RdRp
56	57	PRO	5	PolB;PolX;RNAP;RT;RdRp
57	58	PHE	5	PolA;PolB;RNAP;RT;RdRp
58	59	PRO	5	PolA;PolB;RNAP;RT;RdRp
59	60	GLU	5	PolA;PolB;RNAP;RT;RdRp
60	61	PHE	5	PolA;PolB;RNAP;RT;RdRp
61	62	GLY	5	PolA;PolB;RNAP;RT;RdRp
63	64	ALA	5	PolA;PolX;RNAP;RT;RdRp
117	127	PHE	5	PolB;PolX;RNAP;RT;RdRp
142	152	ARG	5	PolA;PolB;PolX;RT;RdRp
146	156	ALA	5	PolA;PolB;PolX;RT;RdRp
150	160	ALA	5	PolA;PolB;PolX;RT;RdRp
151	161	GLY	5	PolA;PolB;PolX;RT;RdRp
153	163	LEU	5	PolA;PolB;PolX;RT;RdRp
154	164	ASN	5	PolA;PolB;PolX;RT;RdRp
155	165	PHE	5	PolA;PolB;PolX;RT;RdRp
182	192	LEU	5	PolA;PolB;RNAP;RT;RdRp
184	194	ASN	5	PolA;PolB;RNAP;RT;RdRp
187	197	LYS	6	PolA;PolB;PolX;RNAP;RT;RdRp
188	198	LEU	5	PolA;PolB;PolX;RNAP;RdRp
189	199	ALA	6	PolA;PolB;PolX;RNAP;RT;RdRp
190	200	LEU	5	PolA;PolB;PolX;RNAP;RdRp
192	202	GLU	5	PolA;PolB;PolX;RNAP;RdRp
198	208	ILE	5	PolA;PolX;RNAP;RT;RdRp
199	209	LEU	5	PolA;PolX;RNAP;RT;RdRp
200	210	GLU	5	PolA;PolX;RNAP;RT;RdRp
215	225	PHE	5	PolA;PolB;PolX;RT;RdRp
258	268	LEU	5	PolA;PolB;PolX;RNAP;RT
288	298	GLY	5	PolA;PolB;PolX;RNAP;RT
304	314	TYR	5	PolA;PolB;PolX;RNAP;RT
307	317	LEU	5	PolA;PolB;PolX;RNAP;RT
308	318	LYS	5	PolA;PolB;PolX;RNAP;RT
309	319	PRO	5	PolA;PolB;PolX;RNAP;RT
312	322	THR	5	PolA;PolB;PolX;RNAP;RT
313	323	SER	5	PolA;PolB;PolX;RNAP;RT
315	325	LEU	5	PolA;PolB;PolX;RNAP;RT
316	326	LEU	5	PolA;PolB;PolX;RNAP;RT
